X,Y,Time
1719.0,1326.0,0.05340576171875
1719.0,1326.0,0.0926668643951416
1719.0,1326.0,0.12679600715637207
1719.0,1326.0,0.16127991676330566
1719.0,1327.0,0.19402480125427246
1719.0,1327.0,0.2310798168182373
1719.0,1327.0,0.26354098320007324
1719.0,1327.0,0.2973008155822754
1720.0,1329.0,0.3304328918457031
1720.0,1329.0,0.36629176139831543
1716.0,1326.0,0.39894700050354004
1716.0,1326.0,0.43250393867492676
1716.0,1326.0,0.4721536636352539
1716.0,1324.0,0.5166540145874023
1715.0,1324.0,0.5495359897613525
1715.0,1324.0,0.5878329277038574
1716.0,1324.0,0.61991286277771
1716.0,1324.0,0.6552739143371582
1716.0,1324.0,0.6889948844909668
1716.0,1324.0,0.7228519916534424
1716.0,1324.0,0.7559788227081299
1716.0,1323.0,0.7867870330810547
1716.0,1323.0,0.8247308731079102
1716.0,1323.0,0.8571488857269287
1716.0,1323.0,0.9042809009552002
1719.0,1326.0,0.9562249183654785
1719.0,1326.0,1.0000889301300049
1719.0,1326.0,1.043409824371338
1719.0,1326.0,1.0841877460479736
1719.0,1326.0,1.1279828548431396
1719.0,1327.0,1.1637370586395264
1719.0,1327.0,1.1975538730621338
1719.0,1327.0,1.2269117832183838
1719.0,1327.0,1.2564747333526611
1719.0,1327.0,1.286334753036499
1719.0,1327.0,1.325026035308838
1718.0,1327.0,1.355428695678711
1718.0,1327.0,1.3893177509307861
1718.0,1327.0,1.4251208305358887
1716.0,1324.0,1.4593536853790283
1716.0,1324.0,1.5049657821655273
1716.0,1324.0,1.5571167469024658
1716.0,1324.0,1.6056737899780273
1716.0,1324.0,1.6493370532989502
1716.0,1324.0,1.68524169921875
1716.0,1324.0,1.7176158428192139
1716.0,1323.0,1.7473866939544678
1716.0,1323.0,1.7792418003082275
1716.0,1323.0,1.8095128536224365
1716.0,1323.0,1.8426408767700195
1716.0,1324.0,1.8760879039764404
1716.0,1324.0,1.9113857746124268
1716.0,1324.0,1.9433598518371582
1719.0,1325.0,1.9799418449401855
1719.0,1325.0,2.0152089595794678
1719.0,1327.0,2.0479037761688232
1719.0,1327.0,2.0801689624786377
1719.0,1327.0,2.110053777694702
1719.0,1327.0,2.141627788543701
1720.0,1328.0,2.1728177070617676
1720.0,1328.0,2.211544990539551
1719.0,1327.0,2.2406959533691406
1719.0,1327.0,2.269096851348877
1719.0,1327.0,2.3004708290100098
1719.0,1327.0,2.329718828201294
1719.0,1327.0,2.3612489700317383
1716.0,1324.0,2.390018939971924
1716.0,1324.0,2.4229769706726074
1716.0,1324.0,2.4526379108428955
1716.0,1324.0,2.4857609272003174
1716.0,1324.0,2.5204029083251953
1715.0,1324.0,2.553072690963745
1715.0,1324.0,2.5900988578796387
1716.0,1324.0,2.6207406520843506
1716.0,1324.0,2.6553797721862793
1716.0,1324.0,2.6850268840789795
1716.0,1324.0,2.7179958820343018
1716.0,1324.0,2.748865842819214
1716.0,1324.0,2.7774658203125
1716.0,1324.0,2.808745861053467
1716.0,1324.0,2.83788800239563
1716.0,1324.0,2.882812738418579
1719.0,1325.0,2.9221317768096924
1719.0,1325.0,2.96648907661438
1718.0,1326.0,3.0044217109680176
1718.0,1326.0,3.0503628253936768
1719.0,1326.0,3.0914628505706787
1719.0,1326.0,3.1326749324798584
1719.0,1327.0,3.167249917984009
1719.0,1327.0,3.199084997177124
1719.0,1327.0,3.2290680408477783
1719.0,1327.0,3.260222911834717
1719.0,1327.0,3.2891147136688232
1719.0,1327.0,3.3234119415283203
1720.0,1328.0,3.3529887199401855
1720.0,1328.0,3.387655735015869
1720.0,1328.0,3.4292478561401367
1716.0,1324.0,3.4778029918670654
1716.0,1324.0,3.519747018814087
1716.0,1324.0,3.562743902206421
1716.0,1324.0,3.5981056690216064
1716.0,1324.0,3.6300127506256104
1716.0,1324.0,3.659342050552368
1716.0,1324.0,3.6938159465789795
1716.0,1324.0,3.7342028617858887
1716.0,1324.0,3.77740478515625
1716.0,1323.0,3.8168509006500244
1716.0,1323.0,3.856275796890259
1719.0,1325.0,3.8919789791107178
1719.0,1325.0,3.934619903564453
1719.0,1326.0,3.97680401802063
1719.0,1326.0,4.015815734863281
1718.0,1326.0,4.046228885650635
1718.0,1326.0,4.0773680210113525
1719.0,1327.0,4.106338977813721
1719.0,1327.0,4.138263940811157
1719.0,1327.0,4.168164014816284
1719.0,1327.0,4.200921058654785
1719.0,1327.0,4.2316038608551025
1719.0,1327.0,4.260764837265015
1719.0,1327.0,4.290133953094482
1719.0,1327.0,4.321250915527344
1719.0,1327.0,4.361248970031738
1716.0,1326.0,4.400083780288696
1716.0,1326.0,4.4739158153533936
1716.0,1324.0,4.52712082862854
1715.0,1324.0,4.57229471206665
1715.0,1324.0,4.617682933807373
1716.0,1324.0,4.65683388710022
1716.0,1324.0,4.686508893966675
1716.0,1324.0,4.719696760177612
1716.0,1324.0,4.750373840332031
1716.0,1323.0,4.780562877655029
1716.0,1323.0,4.810460805892944
1716.0,1323.0,4.8390960693359375
1716.0,1323.0,4.872570753097534
1719.0,1325.0,4.90202784538269
1719.0,1325.0,4.930948734283447
1719.0,1325.0,4.961981773376465
1719.0,1326.0,4.997358083724976
1719.0,1326.0,5.032548666000366
1719.0,1327.0,5.067033052444458
1719.0,1327.0,5.103886842727661
1719.0,1327.0,5.136485815048218
1719.0,1327.0,5.170775890350342
1719.0,1327.0,5.200517892837524
1719.0,1327.0,5.230518817901611
1719.0,1327.0,5.261669874191284
1719.0,1327.0,5.291335821151733
1719.0,1327.0,5.32248592376709
1718.0,1328.0,5.351029872894287
1718.0,1328.0,5.3797149658203125
1718.0,1328.0,5.411844730377197
1716.0,1325.0,5.440710783004761
1716.0,1325.0,5.470871925354004
1716.0,1324.0,5.501967668533325
1716.0,1324.0,5.541135787963867
1716.0,1323.0,5.574354887008667
1716.0,1323.0,5.608636856079102
1716.0,1323.0,5.640858888626099
1716.0,1324.0,5.669789791107178
1716.0,1324.0,5.701035976409912
1716.0,1324.0,5.731998920440674
1716.0,1324.0,5.765448808670044
1716.0,1323.0,5.794008016586304
1716.0,1323.0,5.823808908462524
1716.0,1323.0,5.85454797744751
1716.0,1324.0,5.8842689990997314
1716.0,1324.0,5.917276859283447
1719.0,1325.0,5.946575880050659
1719.0,1325.0,5.977319717407227
1719.0,1325.0,6.007966756820679
1719.0,1326.0,6.040357828140259
1719.0,1326.0,6.071075916290283
1719.0,1326.0,6.101300954818726
1719.0,1326.0,6.1374688148498535
1719.0,1327.0,6.166853666305542
1719.0,1327.0,6.197849750518799
1719.0,1327.0,6.230652809143066
1719.0,1327.0,6.2600297927856445
1719.0,1327.0,6.28973388671875
1719.0,1327.0,6.319477796554565
1719.0,1327.0,6.360395908355713
1716.0,1325.0,6.3932249546051025
1716.0,1325.0,6.431208848953247
1716.0,1324.0,6.464278936386108
1716.0,1324.0,6.505215883255005
1716.0,1323.0,6.539604902267456
1716.0,1323.0,6.586862802505493
1716.0,1324.0,6.632108926773071
1716.0,1324.0,6.683726787567139
1716.0,1324.0,6.728832960128784
1716.0,1324.0,6.758781909942627
1716.0,1324.0,6.789486646652222
1716.0,1324.0,6.826265811920166
1716.0,1323.0,6.870981693267822
1716.0,1323.0,6.91669487953186
1719.0,1325.0,6.96721887588501
1719.0,1326.0,7.0138139724731445
1719.0,1326.0,7.063886642456055
1719.0,1326.0,7.113239049911499
1719.0,1327.0,7.150462865829468
1719.0,1327.0,7.18455171585083
1719.0,1327.0,7.216058731079102
1719.0,1327.0,7.248083829879761
1719.0,1327.0,7.281266927719116
1719.0,1327.0,7.320236921310425
1720.0,1328.0,7.35355281829834
1720.0,1328.0,7.392638921737671
1716.0,1325.0,7.423625946044922
1716.0,1325.0,7.456997871398926
1716.0,1325.0,7.490062713623047
1716.0,1323.0,7.523053884506226
1716.0,1323.0,7.566488981246948
1716.0,1324.0,7.6023008823394775
1716.0,1324.0,7.638407945632935
1716.0,1324.0,7.67223596572876
1716.0,1324.0,7.708552837371826
1716.0,1324.0,7.746187925338745
1716.0,1324.0,7.7857537269592285
1716.0,1323.0,7.82037091255188
1716.0,1323.0,7.854007005691528
1719.0,1326.0,7.885921955108643
1719.0,1326.0,7.933734893798828
1718.0,1326.0,7.983828783035278
1718.0,1326.0,8.040782690048218
1719.0,1326.0,8.089185953140259
1719.0,1327.0,8.128069877624512
1719.0,1327.0,8.169291973114014
1719.0,1327.0,8.219726800918579
1719.0,1327.0,8.277554750442505
1719.0,1327.0,8.332929849624634
1720.0,1328.0,8.406455039978027
1716.0,1326.0,8.468027830123901
1716.0,1325.0,8.56639575958252
1716.0,1324.0,8.67997694015503
1716.0,1324.0,8.732332944869995
1716.0,1324.0,8.773637771606445
1716.0,1324.0,8.823869943618774
1716.0,1324.0,8.879456996917725
1719.0,1326.0,8.930454015731812
1719.0,1326.0,9.015770673751831
1719.0,1326.0,9.122309684753418
1719.0,1327.0,9.199890851974487
1719.0,1327.0,9.270753860473633
1719.0,1327.0,9.350521087646484
1718.0,1328.0,9.49015188217163
1716.0,1324.0,9.562976837158203
1716.0,1324.0,9.611005783081055
1716.0,1324.0,9.659666776657104
1716.0,1324.0,9.710640668869019
1716.0,1324.0,9.781492948532104
1716.0,1323.0,9.99783182144165
1719.0,1326.0,10.04056978225708
1719.0,1326.0,10.087390899658203
1719.0,1327.0,10.143563985824585
1719.0,1327.0,10.202173948287964
1719.0,1327.0,10.253639936447144
1719.0,1327.0,10.311086654663086
1719.0,1327.0,10.37298583984375
1716.0,1324.0,10.428802967071533
1716.0,1324.0,10.478369951248169
1715.0,1324.0,10.511156797409058
1716.0,1324.0,10.540569067001343
1716.0,1324.0,10.580188751220703
1716.0,1324.0,10.616156816482544
1716.0,1324.0,10.65188980102539
1716.0,1323.0,10.696070909500122
1716.0,1323.0,10.733398914337158
1716.0,1323.0,10.763901948928833
1716.0,1323.0,10.797478914260864
1716.0,1324.0,10.828314781188965
1716.0,1324.0,10.856433868408203
1716.0,1324.0,10.887455940246582
1719.0,1326.0,10.915618896484375
1719.0,1326.0,10.948264837265015
1719.0,1326.0,10.977770805358887
1719.0,1326.0,11.005923986434937
1719.0,1326.0,11.037209033966064
1719.0,1326.0,11.066608905792236
1719.0,1326.0,11.098236799240112
1719.0,1327.0,11.128301858901978
1719.0,1327.0,11.158662796020508
1719.0,1327.0,11.188605785369873
1719.0,1327.0,11.21894884109497
1719.0,1327.0,11.249422788619995
1719.0,1327.0,11.27809190750122
1719.0,1327.0,11.307828903198242
1719.0,1327.0,11.339869737625122
1720.0,1328.0,11.368929862976074
1720.0,1328.0,11.398777723312378
1716.0,1324.0,11.426888942718506
1716.0,1324.0,11.457067966461182
1716.0,1324.0,11.487862825393677
1716.0,1324.0,11.520242929458618
1716.0,1324.0,11.560551881790161
1716.0,1324.0,11.593379020690918
1716.0,1324.0,11.62608289718628
1716.0,1324.0,11.654845952987671
1716.0,1324.0,11.695374011993408
1715.0,1324.0,11.738945960998535
1715.0,1324.0,11.769471883773804
1716.0,1324.0,11.800890684127808
1716.0,1324.0,11.837785005569458
1719.0,1325.0,11.868386030197144
1719.0,1325.0,11.897679805755615
1719.0,1325.0,11.930420875549316
1719.0,1326.0,11.960777759552002
1719.0,1326.0,11.992548704147339
1719.0,1326.0,12.02564787864685
1719.0,1326.0,12.062059879302979
1719.0,1326.0,12.093729972839355
1719.0,1326.0,12.126678943634033
1719.0,1326.0,12.157139778137207
1719.0,1327.0,12.187684774398804
1719.0,1327.0,12.22031569480896
1719.0,1327.0,12.250834941864014
1719.0,1327.0,12.283278703689575
1719.0,1327.0,12.313577890396118
1719.0,1327.0,12.344988822937012
1719.0,1327.0,12.37519383430481
1716.0,1327.0,12.403199911117554
1716.0,1327.0,12.433077812194824
1716.0,1324.0,12.463115930557251
1716.0,1324.0,12.49427580833435
1716.0,1324.0,12.527036905288696
1716.0,1324.0,12.559966802597046
1716.0,1324.0,12.594525814056396
1716.0,1324.0,12.624686002731323
1716.0,1324.0,12.65702772140503
1716.0,1323.0,12.686640739440918
1716.0,1323.0,12.72131085395813
1716.0,1324.0,12.751377820968628
1716.0,1324.0,12.781239032745361
1716.0,1324.0,12.81424880027771
1716.0,1323.0,12.843749761581421
1716.0,1323.0,12.875927925109863
1719.0,1326.0,12.904999732971191
1719.0,1326.0,12.936128854751587
1719.0,1326.0,12.968479871749878
1718.0,1326.0,12.998681783676147
1718.0,1326.0,13.030467748641968
1719.0,1326.0,13.060089826583862
1719.0,1326.0,13.094730854034424
1719.0,1327.0,13.12611198425293
1719.0,1327.0,13.156661987304688
1719.0,1327.0,13.18848204612732
1720.0,1328.0,13.218395709991455
1720.0,1328.0,13.248746871948242
1719.0,1327.0,13.278223752975464
1719.0,1327.0,13.310790777206421
1719.0,1327.0,13.343203067779541
1719.0,1328.0,13.37208080291748
1719.0,1328.0,13.403807878494263
1716.0,1324.0,13.433817863464355
1716.0,1324.0,13.46771788597107
1715.0,1324.0,13.497649908065796
1715.0,1324.0,13.531395673751831
1715.0,1324.0,13.561554908752441
1716.0,1324.0,13.59156608581543
1716.0,1324.0,13.623283863067627
1716.0,1324.0,13.654530048370361
1716.0,1324.0,13.688793659210205
1716.0,1324.0,13.718998908996582
1716.0,1324.0,13.751644849777222
1716.0,1324.0,13.782351732254028
1716.0,1324.0,13.812548637390137
1716.0,1324.0,13.842397928237915
1716.0,1323.0,13.871967792510986
1716.0,1323.0,13.907962799072266
1719.0,1325.0,13.940714836120605
1719.0,1325.0,13.971144914627075
1719.0,1325.0,14.002474784851074
1719.0,1327.0,14.032509803771973
1719.0,1327.0,14.063814878463745
1719.0,1327.0,14.09418272972107
1719.0,1327.0,14.129353761672974
1719.0,1327.0,14.1591317653656
1719.0,1327.0,14.187198877334595
1719.0,1327.0,14.219499826431274
1720.0,1328.0,14.249327659606934
1720.0,1328.0,14.28198766708374
1719.0,1327.0,14.314489841461182
1719.0,1327.0,14.345866918563843
1719.0,1327.0,14.375815868377686
1716.0,1325.0,14.40458083152771
1716.0,1325.0,14.435239791870117
1716.0,1324.0,14.465989828109741
1716.0,1324.0,14.506051063537598
1716.0,1324.0,14.54251480102539
1716.0,1324.0,14.58056378364563
1716.0,1324.0,14.63878083229065
1716.0,1324.0,14.676143646240234
1716.0,1324.0,14.707129001617432
1716.0,1324.0,14.73845386505127
1716.0,1323.0,14.768263816833496
1716.0,1323.0,14.80221676826477
1716.0,1324.0,14.832854986190796
1716.0,1324.0,14.86402678489685
1716.0,1324.0,14.893463850021362
1719.0,1326.0,14.921869039535522
1719.0,1326.0,14.951061964035034
1719.0,1326.0,14.980002880096436
1719.0,1326.0,15.011249780654907
1719.0,1326.0,15.047319889068604
1719.0,1326.0,15.081488847732544
1719.0,1326.0,15.114895820617676
1719.0,1327.0,15.148393869400024
1719.0,1327.0,15.183581829071045
1720.0,1328.0,15.216117858886719
1720.0,1328.0,15.24834680557251
1719.0,1327.0,15.279683828353882
1719.0,1327.0,15.316358804702759
1719.0,1327.0,15.347923755645752
1719.0,1327.0,15.380929946899414
1719.0,1327.0,15.41051697731018
1716.0,1324.0,15.438493728637695
1716.0,1324.0,15.468629837036133
1716.0,1324.0,15.498639822006226
1716.0,1324.0,15.529001951217651
1716.0,1324.0,15.55973768234253
1716.0,1324.0,15.588958978652954
1716.0,1324.0,15.620108842849731
1716.0,1324.0,15.650499820709229
1716.0,1324.0,15.684602737426758
1716.0,1324.0,15.717160940170288
1716.0,1324.0,15.74707293510437
1716.0,1324.0,15.779014825820923
1716.0,1323.0,15.809869050979614
1716.0,1323.0,15.839240789413452
1719.0,1325.0,15.86674976348877
1719.0,1325.0,15.895822763442993
1719.0,1325.0,15.928099870681763
1719.0,1326.0,15.95743989944458
1719.0,1326.0,15.987125873565674
1719.0,1326.0,16.016764879226685
1719.0,1326.0,16.047384023666382
1719.0,1326.0,16.077167749404907
1719.0,1326.0,16.106438875198364
1719.0,1326.0,16.13651180267334
1719.0,1327.0,16.16841173171997
1719.0,1327.0,16.20539903640747
1719.0,1327.0,16.235260725021362
1719.0,1327.0,16.265777826309204
1719.0,1327.0,16.297204971313477
1719.0,1327.0,16.325936794281006
1719.0,1327.0,16.356217861175537
1716.0,1327.0,16.383352041244507
1716.0,1327.0,16.409677982330322
1716.0,1327.0,16.438699960708618
1716.0,1324.0,16.468594789505005
1716.0,1324.0,16.50112295150757
1716.0,1324.0,16.53046989440918
1716.0,1324.0,16.55922770500183
1716.0,1324.0,16.589457750320435
1716.0,1324.0,16.619365692138672
1716.0,1324.0,16.65032172203064
1716.0,1324.0,16.680017709732056
1716.0,1324.0,16.71110701560974
1716.0,1324.0,16.7438907623291
1716.0,1323.0,16.77338171005249
1716.0,1323.0,16.803169012069702
1716.0,1323.0,16.832522869110107
1716.0,1323.0,16.866588830947876
1719.0,1326.0,16.895164728164673
1719.0,1326.0,16.922818899154663
1719.0,1326.0,16.95323896408081
1719.0,1326.0,16.983025789260864
1719.0,1326.0,17.01698398590088
1719.0,1326.0,17.04598593711853
1719.0,1326.0,17.07403063774109
1719.0,1326.0,17.105759859085083
1719.0,1327.0,17.13549780845642
1719.0,1327.0,17.167651891708374
1719.0,1327.0,17.196184873580933
1719.0,1327.0,17.224190950393677
1719.0,1327.0,17.2558650970459
1719.0,1327.0,17.285355806350708
1719.0,1327.0,17.316479921340942
1719.0,1328.0,17.34521174430847
1719.0,1328.0,17.374093055725098
1719.0,1328.0,17.404167890548706
1715.0,1324.0,17.433100938796997
1715.0,1324.0,17.464207649230957
1716.0,1324.0,17.49339008331299
1716.0,1324.0,17.52245283126831
1716.0,1324.0,17.55478286743164
1716.0,1324.0,17.58419179916382
1716.0,1324.0,17.614937782287598
1716.0,1324.0,17.644017696380615
1716.0,1324.0,17.67418599128723
1716.0,1324.0,17.703646898269653
1715.0,1324.0,17.73362684249878
1715.0,1324.0,17.763677835464478
1715.0,1324.0,17.79262375831604
1715.0,1324.0,17.823124885559082
1715.0,1324.0,17.85250973701477
1716.0,1323.0,17.8820378780365
1716.0,1323.0,17.914501667022705
1719.0,1325.0,17.943224906921387
1719.0,1325.0,17.97623085975647
1719.0,1326.0,18.00594186782837
1719.0,1326.0,18.034759759902954
1719.0,1326.0,18.06634783744812
1719.0,1326.0,18.095427751541138
1719.0,1326.0,18.12873387336731
1719.0,1327.0,18.15729284286499
1719.0,1327.0,18.186437845230103
1719.0,1327.0,18.217628717422485
1719.0,1327.0,18.247447967529297
1719.0,1327.0,18.27778673171997
1719.0,1327.0,18.30663275718689
1719.0,1327.0,18.337410926818848
1719.0,1327.0,18.369771003723145
1716.0,1324.0,18.39863395690918
1716.0,1324.0,18.428452730178833
1716.0,1324.0,18.457401037216187
1716.0,1324.0,18.48809790611267
1716.0,1324.0,18.518122911453247
1716.0,1324.0,18.547382831573486
1716.0,1324.0,18.578489065170288
1716.0,1324.0,18.607383012771606
1716.0,1324.0,18.639123916625977
1716.0,1324.0,18.66861367225647
1716.0,1324.0,18.698279857635498
1716.0,1324.0,18.72845482826233
1716.0,1324.0,18.763033628463745
1716.0,1324.0,18.79563069343567
1716.0,1324.0,18.824286937713623
1716.0,1324.0,18.85304284095764
1716.0,1324.0,18.883692979812622
1719.0,1326.0,18.911173820495605
1719.0,1326.0,18.941848039627075
1719.0,1326.0,18.970691680908203
1719.0,1326.0,19.000887870788574
1719.0,1326.0,19.032888889312744
1719.0,1326.0,19.061927795410156
1719.0,1326.0,19.092660903930664
1719.0,1327.0,19.121363878250122
1719.0,1327.0,19.151448011398315
1719.0,1327.0,19.182851791381836
1719.0,1327.0,19.2114737033844
1719.0,1327.0,19.242469787597656
1719.0,1327.0,19.271175861358643
1719.0,1327.0,19.302287817001343
1719.0,1327.0,19.332191944122314
1719.0,1327.0,19.361116886138916
1719.0,1327.0,19.39156484603882
1716.0,1324.0,19.418821811676025
1716.0,1324.0,19.44693875312805
1716.0,1324.0,19.477030754089355
1716.0,1324.0,19.505708932876587
1716.0,1324.0,19.536733865737915
1716.0,1324.0,19.56622886657715
1716.0,1324.0,19.595982789993286
1716.0,1324.0,19.626713037490845
1716.0,1324.0,19.65557289123535
1716.0,1324.0,19.687253952026367
1716.0,1324.0,19.71644377708435
1716.0,1324.0,19.746834754943848
1716.0,1324.0,19.776145696640015
1716.0,1323.0,19.805895805358887
1716.0,1323.0,19.835798025131226
1719.0,1325.0,19.863335847854614
1719.0,1325.0,19.889745712280273
1719.0,1325.0,19.917797803878784
1719.0,1326.0,19.946517944335938
1719.0,1326.0,19.979848861694336
1719.0,1326.0,20.00884985923767
1719.0,1326.0,20.03850269317627
1719.0,1326.0,20.0710027217865
1719.0,1326.0,20.100430727005005
1719.0,1326.0,20.131183862686157
1719.0,1327.0,20.160693883895874
1719.0,1327.0,20.190852642059326
1719.0,1327.0,20.22065782546997
1719.0,1327.0,20.25046706199646
1719.0,1327.0,20.281072854995728
1719.0,1327.0,20.30985689163208
1719.0,1327.0,20.340263843536377
1719.0,1327.0,20.369752883911133
1717.0,1327.0,20.396902799606323
1717.0,1327.0,20.425747871398926
1716.0,1324.0,20.454998016357422
1716.0,1324.0,20.484864950180054
1716.0,1324.0,20.515089750289917
1716.0,1324.0,20.543977975845337
1716.0,1324.0,20.574456930160522
1716.0,1324.0,20.60354995727539
1716.0,1324.0,20.634052753448486
1716.0,1324.0,20.66375970840454
1716.0,1324.0,20.69512176513672
1716.0,1324.0,20.723983764648438
1716.0,1323.0,20.753578901290894
1716.0,1323.0,20.790173768997192
1716.0,1323.0,20.82012677192688
1716.0,1323.0,20.84891986846924
1716.0,1323.0,20.884212970733643
1719.0,1325.0,20.913052797317505
1719.0,1325.0,20.94446587562561
1719.0,1327.0,20.97337794303894
1719.0,1327.0,21.005975008010864
1719.0,1327.0,21.035932779312134
1719.0,1326.0,21.066030740737915
1719.0,1326.0,21.098860025405884
1719.0,1326.0,21.127805948257446
1719.0,1326.0,21.161213874816895
1719.0,1327.0,21.190399885177612
1719.0,1327.0,21.22246766090393
1719.0,1327.0,21.255329847335815
1720.0,1328.0,21.285292863845825
1720.0,1328.0,21.31666088104248
1719.0,1328.0,21.34529995918274
1719.0,1328.0,21.37717080116272
1719.0,1328.0,21.40821075439453
1716.0,1325.0,21.43692183494568
1716.0,1325.0,21.466270923614502
1716.0,1324.0,21.49517798423767
1716.0,1324.0,21.528912782669067
1716.0,1324.0,21.557533740997314
1716.0,1324.0,21.586204767227173
1716.0,1324.0,21.617548942565918
1716.0,1324.0,21.64817786216736
1716.0,1324.0,21.68109679222107
1716.0,1323.0,21.710468769073486
1716.0,1323.0,21.741551876068115
1716.0,1323.0,21.773950815200806
1716.0,1323.0,21.80354881286621
1716.0,1323.0,21.835582971572876
1716.0,1323.0,21.86542272567749
1716.0,1323.0,21.8994197845459
1719.0,1325.0,21.927838802337646
1719.0,1325.0,21.955256938934326
1719.0,1325.0,21.98572087287903
1719.0,1326.0,22.01541781425476
1719.0,1326.0,22.04872488975525
1719.0,1326.0,22.07842183113098
1719.0,1326.0,22.10702896118164
1719.0,1326.0,22.138457775115967
1719.0,1327.0,22.168451070785522
1719.0,1327.0,22.19984483718872
1719.0,1327.0,22.228883743286133
1719.0,1327.0,22.257351875305176
1719.0,1327.0,22.28866195678711
1719.0,1327.0,22.318195819854736
1719.0,1327.0,22.349512815475464
1716.0,1324.0,22.37787890434265
1716.0,1324.0,22.406978845596313
1716.0,1324.0,22.438013792037964
1716.0,1324.0,22.46898889541626
1716.0,1324.0,22.499592781066895
1716.0,1324.0,22.52859377861023
1716.0,1324.0,22.55859875679016
1716.0,1324.0,22.588746786117554
1716.0,1324.0,22.618690013885498
1716.0,1324.0,22.649650812149048
1716.0,1324.0,22.67888569831848
1716.0,1324.0,22.709927797317505
1716.0,1324.0,22.73867177963257
1716.0,1323.0,22.76797366142273
1716.0,1323.0,22.79767870903015
1716.0,1323.0,22.83075785636902
1716.0,1323.0,22.86670470237732
1718.0,1326.0,22.894744873046875
1718.0,1326.0,22.922154903411865
1718.0,1326.0,22.952008962631226
1719.0,1326.0,22.981228828430176
1719.0,1326.0,23.014081954956055
1719.0,1326.0,23.042978048324585
1719.0,1326.0,23.071724891662598
1719.0,1326.0,23.103155851364136
1719.0,1326.0,23.132896900177002
1719.0,1326.0,23.163716793060303
1719.0,1327.0,23.193012952804565
1719.0,1327.0,23.223289012908936
1719.0,1327.0,23.253763675689697
1719.0,1327.0,23.283527851104736
1719.0,1327.0,23.314372777938843
1719.0,1327.0,23.343636989593506
1719.0,1327.0,23.37404489517212
1719.0,1327.0,23.40393900871277
1716.0,1324.0,23.431700944900513
1716.0,1324.0,23.4596688747406
1716.0,1323.0,23.488359928131104
1716.0,1323.0,23.519060850143433
1716.0,1323.0,23.54969596862793
1716.0,1324.0,23.578830003738403
1716.0,1324.0,23.60903787612915
1716.0,1324.0,23.637826919555664
1716.0,1324.0,23.67374587059021
1716.0,1324.0,23.704699754714966
1716.0,1324.0,23.732940912246704
1716.0,1324.0,23.76400089263916
1716.0,1324.0,23.793044805526733
1716.0,1324.0,23.826210975646973
1719.0,1325.0,23.853370666503906
1719.0,1325.0,23.880801916122437
1719.0,1325.0,23.909084796905518
1719.0,1326.0,23.938074827194214
1719.0,1326.0,23.972176790237427
1719.0,1326.0,24.00159001350403
1719.0,1326.0,24.029477834701538
1719.0,1326.0,24.061051845550537
1719.0,1327.0,24.089627742767334
1719.0,1327.0,24.12349796295166
1719.0,1327.0,24.152587890625
1719.0,1327.0,24.18114185333252
1719.0,1327.0,24.21250295639038
1719.0,1327.0,24.24128794670105
1719.0,1327.0,24.27346181869507
1719.0,1327.0,24.302644968032837
1719.0,1327.0,24.33213472366333
1719.0,1327.0,24.365461826324463
1717.0,1327.0,24.39427876472473
1717.0,1327.0,24.425673961639404
1716.0,1324.0,24.456827878952026
1716.0,1324.0,24.490561962127686
1716.0,1323.0,24.519784927368164
1716.0,1323.0,24.548256874084473
1716.0,1323.0,24.57887887954712
1716.0,1324.0,24.607786893844604
1716.0,1324.0,24.64116382598877
1716.0,1323.0,24.6730899810791
1716.0,1323.0,24.70931577682495
1716.0,1323.0,24.75074076652527
1716.0,1323.0,24.79546070098877
1716.0,1323.0,24.82868504524231
1716.0,1323.0,24.864688873291016
1719.0,1325.0,24.89391589164734
1719.0,1325.0,24.92199969291687
1719.0,1325.0,24.95321488380432
1719.0,1326.0,24.98269486427307
1719.0,1326.0,25.014493942260742
1719.0,1327.0,25.0438289642334
1719.0,1327.0,25.07603883743286
1719.0,1327.0,25.105594873428345
1719.0,1326.0,25.134971857070923
1719.0,1326.0,25.16606569290161
1719.0,1327.0,25.19478702545166
1719.0,1327.0,25.22548484802246
1719.0,1327.0,25.254769802093506
1719.0,1327.0,25.28426170349121
1719.0,1327.0,25.313771963119507
1720.0,1328.0,25.342936992645264
1720.0,1328.0,25.373183965682983
1720.0,1328.0,25.402360916137695
1716.0,1324.0,25.431665897369385
1716.0,1324.0,25.463385820388794
1716.0,1324.0,25.49336290359497
1716.0,1324.0,25.528390884399414
1716.0,1324.0,25.55759286880493
1716.0,1324.0,25.586580991744995
1716.0,1324.0,25.619593858718872
1716.0,1324.0,25.651149034500122
1716.0,1324.0,25.682920932769775
1716.0,1323.0,25.712814807891846
1716.0,1323.0,25.743063926696777
1716.0,1323.0,25.77288579940796
1716.0,1324.0,25.802376747131348
1716.0,1324.0,25.83469796180725
1716.0,1323.0,25.866248846054077
1716.0,1323.0,25.901265859603882
1719.0,1325.0,25.929895877838135
1719.0,1325.0,25.95960283279419
1719.0,1325.0,25.989354848861694
1719.0,1326.0,26.019564867019653
1719.0,1326.0,26.05317783355713
1719.0,1326.0,26.082875728607178
1719.0,1326.0,26.113086938858032
1719.0,1326.0,26.143088817596436
1719.0,1327.0,26.171945810317993
1719.0,1327.0,26.2026948928833
1719.0,1327.0,26.231863975524902
1719.0,1327.0,26.262248754501343
1719.0,1327.0,26.291536808013916
1719.0,1327.0,26.324159860610962
1719.0,1327.0,26.36144185066223
1716.0,1324.0,26.39187979698181
1716.0,1324.0,26.422541856765747
1716.0,1324.0,26.452903747558594
1716.0,1324.0,26.485965967178345
1716.0,1324.0,26.51587200164795
1716.0,1324.0,26.544989824295044
1716.0,1324.0,26.57484006881714
1716.0,1324.0,26.604918003082275
1716.0,1324.0,26.638669967651367
1716.0,1324.0,26.675363063812256
1716.0,1324.0,26.709294080734253
1716.0,1323.0,26.74177575111389
1716.0,1323.0,26.77244472503662
1716.0,1323.0,26.806103944778442
1716.0,1323.0,26.838072061538696
1716.0,1323.0,26.870967864990234
1719.0,1326.0,26.908216953277588
1719.0,1326.0,26.94981288909912
1719.0,1326.0,26.99850583076477
1719.0,1326.0,27.05241584777832
1719.0,1326.0,27.10714077949524
1719.0,1327.0,27.186403036117554
1719.0,1327.0,27.233078002929688
1719.0,1327.0,27.265944957733154
1719.0,1327.0,27.29904580116272
1719.0,1327.0,27.332207679748535
1720.0,1328.0,27.3831946849823
1716.0,1324.0,27.43281078338623
1716.0,1324.0,27.472384929656982
1716.0,1323.0,27.505579948425293
1716.0,1323.0,27.53943395614624
1716.0,1324.0,27.572122812271118
1716.0,1324.0,27.61178493499756
1716.0,1323.0,27.653758764266968
1716.0,1323.0,27.704564809799194
1716.0,1324.0,27.76427173614502
1716.0,1323.0,27.81259799003601
1716.0,1323.0,27.862714767456055
1719.0,1325.0,27.91064977645874
1719.0,1326.0,27.964520931243896
1719.0,1326.0,28.0099937915802
1719.0,1326.0,28.055556774139404
1719.0,1326.0,28.094536781311035
1719.0,1326.0,28.143200874328613
1719.0,1327.0,28.19128966331482
1719.0,1327.0,28.23070788383484
1719.0,1327.0,28.28125
1719.0,1327.0,28.322653770446777
1719.0,1327.0,28.36737298965454
1717.0,1327.0,28.39579486846924
1717.0,1327.0,28.438338041305542
1716.0,1324.0,28.471599817276
1716.0,1324.0,28.5124249458313
1716.0,1324.0,28.553083896636963
1716.0,1324.0,28.597112894058228
1716.0,1324.0,28.642753839492798
1716.0,1324.0,28.682143926620483
1716.0,1324.0,28.723373889923096
1716.0,1323.0,28.755762815475464
1716.0,1323.0,28.793296813964844
1716.0,1323.0,28.82233691215515
1716.0,1323.0,28.86584186553955
1719.0,1325.0,28.904685020446777
1719.0,1325.0,28.943291902542114
1719.0,1326.0,28.98375177383423
1719.0,1326.0,29.025956869125366
1719.0,1326.0,29.063090801239014
1719.0,1326.0,29.107938051223755
1719.0,1326.0,29.145140886306763
1719.0,1326.0,29.177249908447266
1719.0,1327.0,29.206542015075684
1719.0,1327.0,29.244393825531006
1719.0,1327.0,29.28378987312317
1719.0,1327.0,29.328958749771118
1719.0,1327.0,29.37390899658203
1719.0,1327.0,29.420374870300293
1716.0,1324.0,29.472617864608765
1716.0,1323.0,29.527153730392456
1716.0,1323.0,29.574554681777954
1716.0,1323.0,29.614075899124146
1716.0,1324.0,29.644259929656982
1716.0,1324.0,29.687408685684204
1716.0,1324.0,29.730485916137695
1716.0,1324.0,29.770588874816895
1716.0,1324.0,29.81511378288269
1716.0,1324.0,29.864598989486694
1716.0,1323.0,29.908599853515625
1719.0,1325.0,29.94036602973938
1719.0,1325.0,29.97388982772827
1719.0,1326.0,30.003812789916992
1719.0,1326.0,30.0347638130188
1719.0,1326.0,30.068007946014404
1719.0,1326.0,30.097731828689575
1719.0,1326.0,30.131828784942627
1719.0,1326.0,30.17271876335144
1719.0,1326.0,30.219465970993042
1719.0,1327.0,30.257400035858154
1719.0,1327.0,30.302599906921387
1719.0,1327.0,30.34650993347168
1716.0,1324.0,30.375120878219604
1716.0,1324.0,30.4028799533844
1716.0,1324.0,30.433594703674316
1716.0,1324.0,30.46294593811035
1716.0,1324.0,30.497641801834106
1716.0,1323.0,30.534348011016846
1716.0,1323.0,30.583945989608765
1716.0,1324.0,30.639381885528564
1716.0,1324.0,30.68196988105774
1716.0,1324.0,30.72250986099243
1716.0,1323.0,30.75977087020874
1716.0,1323.0,30.803492069244385
1716.0,1323.0,30.842592000961304
1716.0,1323.0,30.886664867401123
1719.0,1326.0,30.924455881118774
1719.0,1326.0,30.966717958450317
1719.0,1326.0,30.998425006866455
1719.0,1326.0,31.0332248210907
1719.0,1326.0,31.062994718551636
1719.0,1326.0,31.093771934509277
1719.0,1326.0,31.123310804367065
1719.0,1326.0,31.164134740829468
1719.0,1327.0,31.20404291152954
1719.0,1327.0,31.249684810638428
1719.0,1327.0,31.289525985717773
1719.0,1327.0,31.334016799926758
1719.0,1327.0,31.37144684791565
1719.0,1327.0,31.402886867523193
1716.0,1325.0,31.431408882141113
1716.0,1325.0,31.459815740585327
1716.0,1323.0,31.488600969314575
1716.0,1323.0,31.520773887634277
1716.0,1323.0,31.550777673721313
1716.0,1324.0,31.579697847366333
1716.0,1324.0,31.610265731811523
1716.0,1324.0,31.642651796340942
1716.0,1324.0,31.688313007354736
1716.0,1324.0,31.731506824493408
1716.0,1324.0,31.77641987800598
1716.0,1324.0,31.82008981704712
1716.0,1324.0,31.85669779777527
1718.0,1325.0,31.886018991470337
1718.0,1325.0,31.91622495651245
1719.0,1326.0,31.94583797454834
1719.0,1326.0,31.988871812820435
1719.0,1326.0,32.02910089492798
1719.0,1326.0,32.07653284072876
1719.0,1326.0,32.12967586517334
1719.0,1326.0,32.16940689086914
1719.0,1326.0,32.2150719165802
1719.0,1327.0,32.244974851608276
1719.0,1327.0,32.27555871009827
1719.0,1327.0,32.30479383468628
1719.0,1327.0,32.33573293685913
1719.0,1327.0,32.365545988082886
1717.0,1327.0,32.394025802612305
1717.0,1327.0,32.42286777496338
1716.0,1324.0,32.45265579223633
1716.0,1324.0,32.48534798622131
1716.0,1324.0,32.514938831329346
1716.0,1324.0,32.54421401023865
1716.0,1324.0,32.57447791099548
1716.0,1324.0,32.608717918395996
1716.0,1324.0,32.651508808135986
1716.0,1324.0,32.6923987865448
1716.0,1324.0,32.738070011138916
1716.0,1323.0,32.78396987915039
1716.0,1323.0,32.8199737071991
1716.0,1323.0,32.85315775871277
1716.0,1323.0,32.88441276550293
1719.0,1325.0,32.91318082809448
1719.0,1325.0,32.94239783287048
1718.0,1326.0,32.97146391868591
1718.0,1326.0,33.0023558139801
1718.0,1326.0,33.031919717788696
1719.0,1326.0,33.06084990501404
1719.0,1326.0,33.09174084663391
1719.0,1326.0,33.1207857131958
1719.0,1326.0,33.155531883239746
1719.0,1327.0,33.18513083457947
1719.0,1327.0,33.21428608894348
1719.0,1327.0,33.24692392349243
1719.0,1327.0,33.276126861572266
1719.0,1327.0,33.308350801467896
1719.0,1327.0,33.33827781677246
1719.0,1327.0,33.369457721710205
1719.0,1327.0,33.40097975730896
1716.0,1324.0,33.42935585975647
1716.0,1324.0,33.459977865219116
1716.0,1323.0,33.490792751312256
1716.0,1323.0,33.52627182006836
1716.0,1324.0,33.55610394477844
1716.0,1324.0,33.58737397193909
1716.0,1324.0,33.618041038513184
1716.0,1324.0,33.64705467224121
1716.0,1324.0,33.67826986312866
1716.0,1324.0,33.70730376243591
1716.0,1324.0,33.7375648021698
1716.0,1324.0,33.76946973800659
1716.0,1323.0,33.80121970176697
1716.0,1323.0,33.833678007125854
1716.0,1323.0,33.8656268119812
1716.0,1323.0,33.908079862594604
1719.0,1325.0,33.94737386703491
1719.0,1325.0,33.98469591140747
1719.0,1326.0,34.025359869003296
1719.0,1326.0,34.07109594345093
1719.0,1326.0,34.1099169254303
1719.0,1326.0,34.14134073257446
1719.0,1327.0,34.171286821365356
1719.0,1327.0,34.20145082473755
1719.0,1327.0,34.23084378242493
1719.0,1327.0,34.264405965805054
1719.0,1327.0,34.29392886161804
1719.0,1327.0,34.32288980484009
1719.0,1327.0,34.35605192184448
1716.0,1324.0,34.38643288612366
1716.0,1324.0,34.4207558631897
1716.0,1324.0,34.4524290561676
1716.0,1324.0,34.483059883117676
1716.0,1324.0,34.51348876953125
1715.0,1323.0,34.54250884056091
1715.0,1323.0,34.57268500328064
1716.0,1324.0,34.60336780548096
1716.0,1324.0,34.64774298667908
1715.0,1324.0,34.685508728027344
1715.0,1324.0,34.72488975524902
1716.0,1323.0,34.76476573944092
1716.0,1323.0,34.81009769439697
1716.0,1323.0,34.84973883628845
1716.0,1323.0,34.884058713912964
1719.0,1325.0,34.91581201553345
1719.0,1325.0,34.95677089691162
1719.0,1326.0,34.991076707839966
1719.0,1326.0,35.02819871902466
1719.0,1326.0,35.05833172798157
1719.0,1326.0,35.08897686004639
1719.0,1326.0,35.1246337890625
1719.0,1326.0,35.16752576828003
1719.0,1327.0,35.20441961288452
1719.0,1327.0,35.24617290496826
1719.0,1327.0,35.286757707595825
1719.0,1327.0,35.33115792274475
1719.0,1327.0,35.374857902526855
1719.0,1327.0,35.41538405418396
1716.0,1325.0,35.46011281013489
1716.0,1324.0,35.49542188644409
1716.0,1324.0,35.53036880493164
1716.0,1324.0,35.559656858444214
1716.0,1324.0,35.59121775627136
1716.0,1324.0,35.62179493904114
1716.0,1324.0,35.651787996292114
1716.0,1324.0,35.688411712646484
1716.0,1323.0,35.72825074195862
1716.0,1323.0,35.77531886100769
1716.0,1324.0,35.819091796875
1716.0,1324.0,35.86213493347168
1718.0,1325.0,35.904852867126465
1719.0,1326.0,35.93564796447754
1719.0,1326.0,35.969507932662964
1718.0,1326.0,35.99861979484558
1718.0,1326.0,36.02622675895691
1718.0,1326.0,36.05764889717102
1719.0,1326.0,36.08774971961975
1719.0,1326.0,36.121938943862915
1719.0,1327.0,36.15832495689392
1719.0,1327.0,36.20697498321533
1719.0,1327.0,36.24750995635986
1719.0,1327.0,36.29193067550659
1719.0,1327.0,36.33371901512146
1719.0,1327.0,36.37332081794739
1717.0,1327.0,36.406041860580444
1717.0,1327.0,36.43541073799133
1716.0,1324.0,36.464282751083374
1716.0,1324.0,36.494600772857666
1716.0,1324.0,36.5233359336853
1716.0,1324.0,36.554120779037476
1716.0,1324.0,36.58389592170715
1715.0,1324.0,36.61371898651123
1715.0,1324.0,36.642910957336426
1716.0,1324.0,36.672950983047485
1716.0,1324.0,36.71214985847473
1716.0,1324.0,36.749817848205566
1716.0,1324.0,36.79947590827942
1716.0,1323.0,36.838443994522095
1716.0,1323.0,36.87959885597229
1719.0,1325.0,36.9093177318573
1719.0,1325.0,36.93908381462097
1719.0,1326.0,36.96883583068848
1719.0,1326.0,37.0002498626709
1719.0,1326.0,37.02980875968933
1719.0,1327.0,37.05932092666626
1719.0,1327.0,37.09052491188049
1719.0,1326.0,37.12077593803406
1719.0,1326.0,37.15486192703247
1719.0,1327.0,37.184746980667114
1719.0,1327.0,37.213056802749634
1719.0,1327.0,37.2454309463501
1719.0,1327.0,37.27437782287598
1719.0,1327.0,37.30596685409546
1719.0,1327.0,37.3355348110199
1719.0,1327.0,37.36499500274658
1719.0,1327.0,37.396809816360474
1716.0,1325.0,37.425023794174194
1716.0,1325.0,37.455076694488525
1716.0,1324.0,37.48445105552673
1716.0,1324.0,37.51443076133728
1716.0,1324.0,37.544429063797
1716.0,1323.0,37.57316589355469
1716.0,1323.0,37.604742765426636
1716.0,1323.0,37.63411092758179
1716.0,1323.0,37.664955854415894
1716.0,1323.0,37.69406199455261
1716.0,1324.0,37.723392963409424
1716.0,1324.0,37.753241777420044
1716.0,1324.0,37.782329082489014
1716.0,1324.0,37.8126540184021
1716.0,1324.0,37.841840744018555
1716.0,1323.0,37.871251821517944
1716.0,1323.0,37.90155482292175
1719.0,1325.0,37.930070877075195
1719.0,1325.0,37.95881390571594
1719.0,1325.0,37.98792600631714
1719.0,1326.0,38.01691174507141
1719.0,1326.0,38.047465801239014
1719.0,1326.0,38.076427936553955
1719.0,1326.0,38.1066107749939
1719.0,1326.0,38.13690495491028
1720.0,1328.0,38.16605591773987
1720.0,1328.0,38.19755482673645
1719.0,1327.0,38.226287841796875
1719.0,1327.0,38.256436824798584
1719.0,1327.0,38.28691077232361
1719.0,1327.0,38.316914796829224
1719.0,1327.0,38.34645390510559
1716.0,1324.0,38.37413763999939
1716.0,1324.0,38.403812646865845
1716.0,1324.0,38.432740688323975
1716.0,1324.0,38.46217393875122
1716.0,1324.0,38.49257493019104
1716.0,1323.0,38.52217173576355
1716.0,1323.0,38.55325102806091
1716.0,1323.0,38.582202672958374
1716.0,1324.0,38.611222982406616
1716.0,1324.0,38.64036679267883
1716.0,1324.0,38.669904708862305
1716.0,1324.0,38.70162773132324
1716.0,1324.0,38.731054067611694
1716.0,1323.0,38.76017880439758
1716.0,1323.0,38.78961777687073
1716.0,1323.0,38.819458961486816
1716.0,1323.0,38.850350856781006
1716.0,1323.0,38.879607915878296
1719.0,1325.0,38.9068808555603
1719.0,1325.0,38.93582201004028
1719.0,1326.0,38.96477389335632
1719.0,1326.0,38.99512982368469
1719.0,1326.0,39.02457070350647
1719.0,1326.0,39.053790807724
1719.0,1326.0,39.08452081680298
1719.0,1326.0,39.11332082748413
1719.0,1326.0,39.14450979232788
1719.0,1326.0,39.17380881309509
1719.0,1327.0,39.2142767906189
1719.0,1327.0,39.26209473609924
1719.0,1327.0,39.31377673149109
1719.0,1327.0,39.35615372657776
1719.0,1327.0,39.4058198928833
1716.0,1326.0,39.45027685165405
1716.0,1323.0,39.48691391944885
1716.0,1323.0,39.52605676651001
1716.0,1324.0,39.55604076385498
1716.0,1324.0,39.58803081512451
1716.0,1324.0,39.61894774436951
1716.0,1324.0,39.64830470085144
1716.0,1324.0,39.67759466171265
1716.0,1324.0,39.706246852874756
1716.0,1324.0,39.736790895462036
1716.0,1324.0,39.76643776893616
1716.0,1323.0,39.79531693458557
1716.0,1323.0,39.82525897026062
1718.0,1325.0,39.85295295715332
1718.0,1325.0,39.88065195083618
1718.0,1325.0,39.91124081611633
1719.0,1326.0,39.94020080566406
1719.0,1326.0,39.97187399864197
1718.0,1326.0,40.00205183029175
1718.0,1326.0,40.03268885612488
1718.0,1326.0,40.063481092453
1719.0,1326.0,40.09265875816345
1719.0,1326.0,40.12249684333801
1719.0,1326.0,40.15220665931702
1719.0,1326.0,40.18269491195679
1719.0,1326.0,40.211994886398315
1719.0,1327.0,40.24103498458862
1719.0,1327.0,40.271108865737915
1719.0,1327.0,40.30044484138489
1719.0,1327.0,40.333899974823
1718.0,1327.0,40.36303091049194
1718.0,1327.0,40.39072299003601
1718.0,1327.0,40.42111682891846
1716.0,1324.0,40.45082068443298
1716.0,1324.0,40.48538064956665
1716.0,1324.0,40.514798641204834
1716.0,1324.0,40.54285001754761
1716.0,1324.0,40.57475399971008
1715.0,1324.0,40.60466504096985
1715.0,1324.0,40.63650989532471
1716.0,1324.0,40.666369915008545
1716.0,1324.0,40.69648790359497
1716.0,1324.0,40.72704482078552
1716.0,1324.0,40.761788845062256
1716.0,1324.0,40.792900800704956
1716.0,1323.0,40.822025775909424
1716.0,1323.0,40.85715579986572
1716.0,1325.0,40.88697385787964
1716.0,1325.0,40.915854692459106
1716.0,1325.0,40.94685101509094
1719.0,1326.0,40.97567296028137
1719.0,1326.0,41.00710487365723
1719.0,1326.0,41.03653597831726
1719.0,1326.0,41.06625294685364
1719.0,1326.0,41.097227811813354
1719.0,1326.0,41.12558102607727
1719.0,1326.0,41.15771269798279
1719.0,1327.0,41.190584897994995
1719.0,1327.0,41.22461676597595
1720.0,1328.0,41.25460982322693
1720.0,1328.0,41.2852258682251
1720.0,1328.0,41.31601405143738
1719.0,1326.0,41.345775842666626
1719.0,1326.0,41.38185906410217
1716.0,1325.0,41.41148781776428
1716.0,1325.0,41.44319486618042
1716.0,1325.0,41.47318983078003
1716.0,1324.0,41.503700971603394
1716.0,1324.0,41.53498291969299
1716.0,1323.0,41.56452989578247
1716.0,1323.0,41.598373889923096
1716.0,1324.0,41.62733793258667
1716.0,1324.0,41.6578528881073
1716.0,1324.0,41.689799785614014
1716.0,1324.0,41.71984791755676
1716.0,1324.0,41.74985384941101
1716.0,1324.0,41.77996778488159
1716.0,1324.0,41.810839891433716
1716.0,1324.0,41.8403697013855
1716.0,1323.0,41.87037777900696
1716.0,1323.0,41.90338492393494
1719.0,1325.0,41.93285083770752
1719.0,1325.0,41.96606993675232
1719.0,1326.0,41.99729681015015
1719.0,1326.0,42.026509046554565
1719.0,1326.0,42.05760383605957
1719.0,1326.0,42.08832287788391
1719.0,1326.0,42.12100076675415
1719.0,1327.0,42.15128803253174
1719.0,1327.0,42.18181085586548
1719.0,1327.0,42.21164894104004
1719.0,1327.0,42.24144983291626
1719.0,1327.0,42.27196168899536
1719.0,1327.0,42.30164670944214
1719.0,1327.0,42.33713483810425
1716.0,1324.0,42.36566090583801
1716.0,1324.0,42.392921686172485
1716.0,1324.0,42.42769408226013
1716.0,1324.0,42.45750594139099
1716.0,1324.0,42.490131855010986
1716.0,1324.0,42.52010488510132
1716.0,1324.0,42.55162596702576
1716.0,1324.0,42.58215379714966
1716.0,1324.0,42.61220669746399
1716.0,1324.0,42.64301896095276
1716.0,1324.0,42.67276692390442
1716.0,1324.0,42.7082998752594
1716.0,1323.0,42.73829984664917
1716.0,1323.0,42.771676778793335
1716.0,1323.0,42.80331897735596
1716.0,1323.0,42.832993030548096
1716.0,1323.0,42.86243677139282
1719.0,1325.0,42.88990378379822
1719.0,1325.0,42.91995167732239
1719.0,1325.0,42.948747873306274
1719.0,1326.0,42.977757930755615
1719.0,1326.0,43.00940990447998
1718.0,1326.0,43.03988075256348
1718.0,1326.0,43.07474684715271
1720.0,1327.0,43.105063915252686
1720.0,1327.0,43.135183811187744
1720.0,1327.0,43.17175793647766
1720.0,1328.0,43.20728898048401
1720.0,1328.0,43.239696741104126
1720.0,1328.0,43.270587682724
1720.0,1328.0,43.30296277999878
1719.0,1327.0,43.33402371406555
1719.0,1327.0,43.367647886276245
1719.0,1327.0,43.39784479141235
1716.0,1326.0,43.425039768218994
1716.0,1326.0,43.454641819000244
1716.0,1324.0,43.49693989753723
1716.0,1324.0,43.53432488441467
1716.0,1324.0,43.57185673713684
1716.0,1324.0,43.61260485649109
1716.0,1324.0,43.64865779876709
1716.0,1324.0,43.68726587295532
1716.0,1324.0,43.71744894981384
1716.0,1324.0,43.7486367225647
1716.0,1324.0,43.77827191352844
1716.0,1324.0,43.81195282936096
1716.0,1324.0,43.843406677246094
1718.0,1325.0,43.87358474731445
1718.0,1325.0,43.90599703788757
1719.0,1326.0,43.93805170059204
1719.0,1326.0,43.97201991081238
1719.0,1326.0,44.004496812820435
1719.0,1326.0,44.04090070724487
1719.0,1326.0,44.07355785369873
1719.0,1326.0,44.11211800575256
1719.0,1326.0,44.14457964897156
1719.0,1326.0,44.17656087875366
1719.0,1326.0,44.207462787628174
1719.0,1328.0,44.236490964889526
1719.0,1328.0,44.26820397377014
1720.0,1328.0,44.29759693145752
1720.0,1328.0,44.32787084579468
1720.0,1328.0,44.36014676094055
1718.0,1327.0,44.39031982421875
1718.0,1327.0,44.422070026397705
1716.0,1324.0,44.455166816711426
1716.0,1324.0,44.49111485481262
1716.0,1324.0,44.521376848220825
1716.0,1324.0,44.55397176742554
1716.0,1324.0,44.58400082588196
1715.0,1324.0,44.613295793533325
1715.0,1324.0,44.64529085159302
1716.0,1323.0,44.675134897232056
1716.0,1323.0,44.70838809013367
1716.0,1324.0,44.738547801971436
1716.0,1324.0,44.77327084541321
1716.0,1324.0,44.80403399467468
1716.0,1323.0,44.833799839019775
1716.0,1323.0,44.865466833114624
1715.0,1324.0,44.896604776382446
1715.0,1324.0,44.931795835494995
1719.0,1326.0,44.96418499946594
1719.0,1326.0,45.00110673904419
1719.0,1326.0,45.032641887664795
1719.0,1326.0,45.067614793777466
1719.0,1326.0,45.103036880493164
1719.0,1326.0,45.14236378669739
1719.0,1326.0,45.18293881416321
1719.0,1327.0,45.229377031326294
1719.0,1327.0,45.25956869125366
1719.0,1327.0,45.2970187664032
1719.0,1327.0,45.328327894210815
1719.0,1327.0,45.35869884490967
1719.0,1327.0,45.392892837524414
1716.0,1324.0,45.423059940338135
1716.0,1324.0,45.45285701751709
1716.0,1324.0,45.4833288192749
1716.0,1324.0,45.514129877090454
1716.0,1324.0,45.547199964523315
1716.0,1324.0,45.58565592765808
1716.0,1324.0,45.61898589134216
1715.0,1323.0,45.65260100364685
1715.0,1323.0,45.68761682510376
1716.0,1324.0,45.72067880630493
1716.0,1324.0,45.755430698394775
1716.0,1323.0,45.787845849990845
1716.0,1323.0,45.823837757110596
1716.0,1323.0,45.85618495941162
1716.0,1323.0,45.893961906433105
1719.0,1325.0,45.92505073547363
1719.0,1325.0,45.95841193199158
1719.0,1325.0,45.98947787284851
1719.0,1326.0,46.0238938331604
1719.0,1326.0,46.056779861450195
1719.0,1326.0,46.088772773742676
1719.0,1326.0,46.12127089500427
1719.0,1326.0,46.15274906158447
1719.0,1326.0,46.18853783607483
1719.0,1327.0,46.21796774864197
1719.0,1327.0,46.247105836868286
1719.0,1327.0,46.28446984291077
1719.0,1327.0,46.316072940826416
1719.0,1327.0,46.35031867027283
1716.0,1324.0,46.38084673881531
1716.0,1324.0,46.413853883743286
1716.0,1324.0,46.44615292549133
1716.0,1324.0,46.48235893249512
1716.0,1324.0,46.515393018722534
1716.0,1324.0,46.549102783203125
1716.0,1324.0,46.58189105987549
1715.0,1324.0,46.61555886268616
1715.0,1324.0,46.651012659072876
1715.0,1324.0,46.68105387687683
1715.0,1324.0,46.71258902549744
1716.0,1323.0,46.74234175682068
1716.0,1323.0,46.77620887756348
1716.0,1323.0,46.80684471130371
1716.0,1323.0,46.83543872833252
1716.0,1323.0,46.86765384674072
1719.0,1325.0,46.89450478553772
1719.0,1325.0,46.92673587799072
1719.0,1326.0,46.95727777481079
1719.0,1326.0,46.98694705963135
1719.0,1326.0,47.01932168006897
1719.0,1326.0,47.048420667648315
1719.0,1326.0,47.07958388328552
1719.0,1327.0,47.10911774635315
1719.0,1327.0,47.14174675941467
1719.0,1327.0,47.173473834991455
1719.0,1327.0,47.20276093482971
1719.0,1327.0,47.23446583747864
1719.0,1327.0,47.26366186141968
1719.0,1327.0,47.29793095588684
1719.0,1327.0,47.32655882835388
1719.0,1327.0,47.35548996925354
1719.0,1327.0,47.387460708618164
1716.0,1326.0,47.41573095321655
1716.0,1326.0,47.44630479812622
1716.0,1324.0,47.475058794021606
1716.0,1324.0,47.5058228969574
1716.0,1324.0,47.54170274734497
1716.0,1324.0,47.57537484169006
1716.0,1324.0,47.616437911987305
1715.0,1324.0,47.64688301086426
1715.0,1324.0,47.677414894104004
1716.0,1324.0,47.70686674118042
1716.0,1324.0,47.7449369430542
1716.0,1324.0,47.77520775794983
1716.0,1324.0,47.80593299865723
1716.0,1324.0,47.83705377578735
1718.0,1326.0,47.86474680900574
1718.0,1326.0,47.89425086975098
1719.0,1326.0,47.9227397441864
1719.0,1326.0,47.95286989212036
1719.0,1326.0,47.98330283164978
1719.0,1326.0,48.0120587348938
1719.0,1326.0,48.04408383369446
1719.0,1326.0,48.0729546546936
1719.0,1326.0,48.10372281074524
1719.0,1326.0,48.13308882713318
1719.0,1326.0,48.162362813949585
1719.0,1326.0,48.191953897476196
1719.0,1327.0,48.221599817276
1719.0,1327.0,48.25201463699341
1719.0,1327.0,48.2816047668457
1719.0,1327.0,48.30998873710632
1719.0,1327.0,48.34043288230896
1718.0,1328.0,48.368767976760864
1718.0,1328.0,48.39850068092346
1718.0,1328.0,48.42705464363098
1716.0,1324.0,48.45685887336731
1716.0,1324.0,48.487637996673584
1716.0,1324.0,48.51995801925659
1716.0,1324.0,48.55371379852295
1716.0,1323.0,48.58296489715576
1716.0,1323.0,48.61124587059021
1716.0,1323.0,48.64218783378601
1716.0,1324.0,48.67130899429321
1716.0,1324.0,48.706727743148804
1716.0,1323.0,48.736907958984375
1716.0,1323.0,48.76808977127075
1716.0,1323.0,48.79879593849182
1716.0,1323.0,48.82787084579468
1716.0,1323.0,48.857980728149414
1716.0,1324.0,48.8891019821167
1716.0,1324.0,48.92042803764343
1716.0,1324.0,48.94931769371033
1719.0,1326.0,48.97840404510498
1719.0,1326.0,49.00897479057312
1719.0,1327.0,49.0386757850647
1719.0,1327.0,49.07257962226868
1719.0,1326.0,49.10219883918762
1719.0,1326.0,49.13042879104614
1719.0,1326.0,49.16243386268616
1719.0,1327.0,49.19156765937805
1719.0,1327.0,49.225130796432495
1719.0,1327.0,49.254348039627075
1719.0,1327.0,49.28454875946045
1719.0,1327.0,49.31489181518555
1720.0,1328.0,49.3443877696991
1720.0,1328.0,49.37760877609253
1716.0,1325.0,49.40702271461487
1716.0,1325.0,49.44086194038391
1716.0,1324.0,49.475764989852905
1716.0,1324.0,49.507123947143555
1716.0,1324.0,49.53827500343323
1716.0,1323.0,49.56816482543945
1716.0,1323.0,49.598203897476196
1716.0,1324.0,49.62701106071472
1716.0,1324.0,49.657254695892334
1716.0,1324.0,49.687461853027344
1716.0,1324.0,49.71734690666199
1716.0,1324.0,49.74727988243103
1716.0,1323.0,49.77683973312378
1716.0,1323.0,49.81105089187622
1716.0,1323.0,49.84024691581726
1716.0,1323.0,49.8691189289093
1716.0,1323.0,49.90083599090576
1719.0,1325.0,49.928653955459595
1719.0,1325.0,49.95909380912781
1719.0,1325.0,49.987080812454224
1719.0,1326.0,50.0158908367157
1719.0,1326.0,50.04679489135742
1719.0,1326.0,50.07559871673584
1719.0,1326.0,50.11007881164551
1719.0,1326.0,50.139381885528564
1719.0,1326.0,50.168017864227295
1719.0,1326.0,50.19948887825012
1719.0,1327.0,50.22880578041077
1719.0,1327.0,50.261345863342285
1719.0,1327.0,50.290549993515015
1719.0,1327.0,50.3206148147583
1719.0,1327.0,50.35174489021301
1716.0,1324.0,50.37907075881958
1716.0,1324.0,50.40856599807739
1716.0,1324.0,50.4377646446228
1716.0,1324.0,50.46712684631348
1716.0,1324.0,50.49757480621338
1715.0,1323.0,50.526697874069214
1715.0,1323.0,50.55841684341431
1716.0,1324.0,50.58807182312012
1716.0,1324.0,50.6189398765564
1716.0,1324.0,50.64867281913757
1716.0,1324.0,50.67740797996521
1716.0,1324.0,50.70822191238403
1716.0,1324.0,50.73853373527527
1716.0,1324.0,50.77051377296448
1716.0,1323.0,50.802204847335815
1716.0,1323.0,50.83071184158325
1716.0,1323.0,50.86054873466492
1719.0,1325.0,50.88753080368042
1719.0,1325.0,50.91621279716492
1719.0,1325.0,50.94406080245972
1719.0,1326.0,50.97339081764221
1719.0,1326.0,51.00542688369751
1719.0,1326.0,51.035016775131226
1719.0,1326.0,51.06642508506775
1719.0,1326.0,51.09530997276306
1719.0,1327.0,51.12450885772705
1719.0,1327.0,51.15412402153015
1719.0,1326.0,51.18344068527222
1719.0,1326.0,51.214162826538086
1719.0,1326.0,51.24341869354248
1719.0,1327.0,51.27252984046936
1719.0,1327.0,51.302369832992554
1719.0,1327.0,51.33112907409668
1719.0,1327.0,51.363120794296265
1719.0,1327.0,51.39228177070618
1716.0,1326.0,51.42011380195618
1716.0,1326.0,51.44750380516052
1716.0,1324.0,51.47922992706299
1716.0,1324.0,51.510013818740845
1716.0,1324.0,51.5393967628479
1716.0,1324.0,51.56922388076782
1716.0,1324.0,51.59911274909973
1715.0,1323.0,51.62820506095886
1715.0,1323.0,51.65936994552612
1715.0,1323.0,51.68863582611084
1716.0,1324.0,51.71816897392273
1716.0,1324.0,51.747493743896484
1716.0,1323.0,51.77652978897095
1716.0,1323.0,51.81003999710083
1718.0,1325.0,51.83776569366455
1718.0,1325.0,51.864529848098755
1718.0,1325.0,51.892565965652466
1719.0,1325.0,51.92164587974548
1719.0,1325.0,51.951605796813965
1719.0,1325.0,51.98137068748474
1718.0,1326.0,52.010098934173584
1718.0,1326.0,52.041625022888184
1719.0,1326.0,52.070942878723145
1719.0,1326.0,52.10149884223938
1719.0,1326.0,52.130488872528076
1719.0,1327.0,52.15923571586609
1719.0,1327.0,52.189244747161865
1720.0,1328.0,52.218393087387085
1720.0,1328.0,52.2489538192749
1720.0,1328.0,52.27839994430542
1719.0,1327.0,52.30688190460205
1719.0,1327.0,52.3371467590332
1719.0,1327.0,52.365866899490356
1719.0,1327.0,52.396315813064575
1719.0,1327.0,52.425288915634155
1716.0,1324.0,52.45405197143555
1716.0,1324.0,52.484999895095825
1716.0,1324.0,52.51430583000183
1716.0,1324.0,52.54515504837036
1716.0,1324.0,52.57450485229492
1715.0,1324.0,52.604413747787476
1715.0,1324.0,52.63457679748535
1716.0,1324.0,52.66358399391174
1716.0,1324.0,52.694448709487915
1716.0,1324.0,52.72356605529785
1716.0,1323.0,52.7537157535553
1716.0,1323.0,52.78342866897583
1716.0,1323.0,52.81263089179993
1716.0,1323.0,52.84275984764099
1716.0,1323.0,52.87249302864075
1716.0,1323.0,52.902328968048096
1716.0,1323.0,52.93225288391113
1719.0,1326.0,52.960821866989136
1719.0,1326.0,52.991899728775024
1719.0,1326.0,53.02097988128662
1719.0,1326.0,53.0498468875885
1719.0,1326.0,53.078632831573486
1719.0,1326.0,53.10756587982178
1719.0,1326.0,53.13908505439758
1719.0,1326.0,53.16862893104553
1719.0,1326.0,53.19789695739746
1719.0,1326.0,53.22782278060913
1719.0,1327.0,53.257181882858276
1719.0,1327.0,53.288673877716064
1719.0,1327.0,53.31861090660095
1720.0,1328.0,53.34768199920654
1720.0,1328.0,53.37724590301514
1716.0,1324.0,53.406067848205566
1716.0,1324.0,53.43685603141785
1716.0,1324.0,53.46509385108948
1716.0,1324.0,53.49416375160217
1716.0,1324.0,53.52373290061951
1715.0,1323.0,53.55392098426819
1715.0,1323.0,53.58740592002869
1716.0,1324.0,53.61666393280029
1716.0,1324.0,53.64462089538574
1716.0,1324.0,53.67501091957092
1716.0,1324.0,53.7046058177948
1716.0,1324.0,53.738823890686035
1716.0,1323.0,53.76799488067627
1716.0,1323.0,53.79708695411682
1716.0,1323.0,53.82759690284729
1716.0,1323.0,53.85675287246704
1716.0,1323.0,53.88872289657593
1719.0,1326.0,53.91698098182678
1719.0,1326.0,53.94359803199768
1719.0,1326.0,53.97361779212952
1719.0,1326.0,54.0026490688324
1719.0,1326.0,54.03568196296692
1719.0,1327.0,54.064724922180176
1719.0,1327.0,54.09313893318176
1719.0,1327.0,54.12468600273132
1719.0,1327.0,54.15380501747131
1719.0,1327.0,54.184792041778564
1719.0,1327.0,54.213623046875
1719.0,1327.0,54.24330496788025
1719.0,1327.0,54.2736120223999
1719.0,1327.0,54.3026008605957
1719.0,1327.0,54.33422899246216
1716.0,1324.0,54.36151599884033
1716.0,1324.0,54.38848567008972
1716.0,1324.0,54.41891288757324
1716.0,1324.0,54.44766592979431
1716.0,1324.0,54.48062467575073
1716.0,1323.0,54.50968599319458
1716.0,1323.0,54.5407018661499
1716.0,1323.0,54.5742928981781
1716.0,1324.0,54.60377597808838
1716.0,1324.0,54.63426089286804
1716.0,1324.0,54.66344594955444
1716.0,1324.0,54.696932792663574
1716.0,1323.0,54.72609305381775
1716.0,1323.0,54.755228757858276
1716.0,1323.0,54.79206585884094
1716.0,1323.0,54.823894023895264
1716.0,1323.0,54.85585570335388
1719.0,1325.0,54.886337995529175
1719.0,1325.0,54.918946981430054
1719.0,1325.0,54.94637489318848
1719.0,1326.0,54.975252866744995
1719.0,1326.0,55.00559997558594
1719.0,1326.0,55.03855299949646
1719.0,1326.0,55.07283091545105
1719.0,1326.0,55.103731870651245
1719.0,1326.0,55.133853912353516
1719.0,1326.0,55.163986921310425
1719.0,1327.0,55.19303870201111
1719.0,1327.0,55.22609996795654
1720.0,1328.0,55.25943183898926
1720.0,1328.0,55.3044159412384
1719.0,1327.0,55.342264890670776
1719.0,1327.0,55.37579369544983
1717.0,1327.0,55.403398752212524
1717.0,1327.0,55.43191480636597
1717.0,1327.0,55.45955681800842
1716.0,1324.0,55.488428831100464
1716.0,1324.0,55.52070498466492
1716.0,1324.0,55.549930810928345
1716.0,1324.0,55.58506989479065
1716.0,1323.0,55.61478400230408
1716.0,1323.0,55.64281487464905
1716.0,1323.0,55.67418694496155
1716.0,1323.0,55.704259634017944
1716.0,1323.0,55.737977743148804
1716.0,1323.0,55.767252922058105
1716.0,1323.0,55.79671883583069
1716.0,1323.0,55.827818870544434
1718.0,1325.0,55.85555291175842
1718.0,1325.0,55.885817766189575
1719.0,1325.0,55.91423201560974
1719.0,1325.0,55.94218993186951
1719.0,1325.0,55.97418189048767
1719.0,1326.0,56.00371980667114
1719.0,1326.0,56.03448176383972
1719.0,1327.0,56.063262939453125
1719.0,1327.0,56.091755867004395
1719.0,1327.0,56.12324094772339
1719.0,1326.0,56.153400897979736
1719.0,1326.0,56.184526681900024
1719.0,1327.0,56.21324181556702
1719.0,1327.0,56.24307179450989
1719.0,1327.0,56.27395677566528
1719.0,1327.0,56.30375862121582
1719.0,1327.0,56.34022283554077
1720.0,1328.0,56.374772787094116
1720.0,1328.0,56.40617275238037
1716.0,1324.0,56.43548369407654
1716.0,1324.0,56.465237855911255
1716.0,1324.0,56.49571681022644
1716.0,1324.0,56.52452874183655
1716.0,1324.0,56.55560803413391
1715.0,1324.0,56.585346937179565
1715.0,1324.0,56.61649990081787
1715.0,1324.0,56.64563870429993
1716.0,1324.0,56.67425465583801
1716.0,1324.0,56.70447373390198
1716.0,1324.0,56.733689069747925
1716.0,1324.0,56.76429271697998
1716.0,1324.0,56.79297184944153
1716.0,1323.0,56.82215070724487
1716.0,1323.0,56.8528528213501
1716.0,1324.0,56.881377935409546
1716.0,1324.0,56.91187405586243
1716.0,1324.0,56.94107270240784
1719.0,1326.0,56.970181703567505
1719.0,1326.0,57.000093936920166
1719.0,1326.0,57.02876901626587
1719.0,1326.0,57.05903363227844
1719.0,1326.0,57.088764905929565
1719.0,1326.0,57.118510723114014
1719.0,1326.0,57.148653984069824
1719.0,1327.0,57.17725992202759
1719.0,1327.0,57.20820093154907
1719.0,1327.0,57.2379367351532
1719.0,1327.0,57.267245054244995
1719.0,1327.0,57.29654288291931
1719.0,1327.0,57.32629704475403
1719.0,1327.0,57.361061811447144
1716.0,1324.0,57.38952374458313
1716.0,1324.0,57.417425870895386
1716.0,1324.0,57.446698904037476
1716.0,1324.0,57.47606801986694
1716.0,1324.0,57.509592056274414
1716.0,1324.0,57.53965091705322
1716.0,1324.0,57.569039821624756
1716.0,1324.0,57.60167193412781
1716.0,1324.0,57.63159489631653
1716.0,1324.0,57.66314387321472
1716.0,1324.0,57.69200778007507
1716.0,1324.0,57.72300386428833
1716.0,1324.0,57.7549889087677
1716.0,1323.0,57.78380107879639
1716.0,1323.0,57.81391382217407
1716.0,1323.0,57.842697858810425
1716.0,1323.0,57.87373685836792
1716.0,1323.0,57.90384387969971
1719.0,1326.0,57.93158769607544
1719.0,1326.0,57.9622688293457
1719.0,1326.0,57.991787910461426
1719.0,1326.0,58.02237367630005
1719.0,1326.0,58.052475690841675
1719.0,1326.0,58.08162188529968
1719.0,1326.0,58.11061692237854
1719.0,1326.0,58.13989877700806
1719.0,1326.0,58.17131781578064
1719.0,1326.0,58.20047378540039
1720.0,1328.0,58.229169845581055
1720.0,1328.0,58.25915575027466
1719.0,1327.0,58.288413763046265
1719.0,1327.0,58.31839299201965
1719.0,1327.0,58.34768486022949
1716.0,1324.0,58.374780893325806
1716.0,1324.0,58.4045569896698
1716.0,1324.0,58.43323993682861
1716.0,1324.0,58.46315383911133
1716.0,1324.0,58.4940767288208
1716.0,1323.0,58.523762941360474
1716.0,1323.0,58.55412769317627
1716.0,1324.0,58.58315587043762
1716.0,1324.0,58.61361289024353
1716.0,1324.0,58.642884731292725
1716.0,1324.0,58.67319583892822
1716.0,1324.0,58.702749729156494
1716.0,1323.0,58.73182988166809
1716.0,1323.0,58.76217579841614
1716.0,1323.0,58.79141974449158
1716.0,1323.0,58.82022500038147
1716.0,1323.0,58.85025405883789
1719.0,1325.0,58.877299785614014
1719.0,1325.0,58.90465688705444
1719.0,1325.0,58.93392086029053
1719.0,1326.0,58.963024854660034
1719.0,1326.0,58.99471473693848
1719.0,1326.0,59.02403402328491
1719.0,1326.0,59.05435490608215
1719.0,1326.0,59.08618783950806
1719.0,1326.0,59.115010023117065
1719.0,1326.0,59.14524579048157
1719.0,1327.0,59.17450785636902
1719.0,1327.0,59.20498871803284
1719.0,1327.0,59.23436784744263
1719.0,1327.0,59.26335883140564
1719.0,1327.0,59.29378890991211
1720.0,1328.0,59.323227882385254
1720.0,1328.0,59.353471994400024
1720.0,1328.0,59.3827178478241
1717.0,1327.0,59.40964078903198
1717.0,1327.0,59.43931269645691
1716.0,1324.0,59.46859383583069
1716.0,1324.0,59.49894070625305
1716.0,1324.0,59.53030705451965
1715.0,1323.0,59.558801889419556
1715.0,1323.0,59.59152889251709
1716.0,1324.0,59.620747804641724
1716.0,1324.0,59.65159487724304
1716.0,1324.0,59.68102192878723
1716.0,1323.0,59.710174798965454
1716.0,1323.0,59.74005699157715
1716.0,1324.0,59.76930284500122
1716.0,1324.0,59.800041913986206
1716.0,1324.0,59.828826665878296
1718.0,1325.0,59.85649299621582
1718.0,1325.0,59.88542366027832
1719.0,1325.0,59.91464686393738
1719.0,1325.0,59.94538998603821
1719.0,1325.0,59.97485089302063
1719.0,1326.0,60.00466299057007
1719.0,1326.0,60.03496599197388
1719.0,1326.0,60.06403875350952
1719.0,1326.0,60.095170974731445
1719.0,1326.0,60.124873876571655
1719.0,1326.0,60.154770851135254
1719.0,1326.0,60.185242652893066
1719.0,1327.0,60.214313983917236
1719.0,1327.0,60.2486457824707
1719.0,1327.0,60.27768087387085
1719.0,1327.0,60.306307792663574
1719.0,1327.0,60.337575912475586
1719.0,1328.0,60.36640787124634
1719.0,1328.0,60.399680852890015
1716.0,1325.0,60.4284188747406
1716.0,1325.0,60.45689272880554
1716.0,1325.0,60.48954796791077
1716.0,1324.0,60.52008295059204
1716.0,1324.0,60.552095890045166
1716.0,1324.0,60.581068992614746
1716.0,1324.0,60.61287188529968
1716.0,1324.0,60.64369297027588
1716.0,1324.0,60.67329788208008
1716.0,1324.0,60.70381283760071
1716.0,1323.0,60.73281669616699
1716.0,1323.0,60.76361584663391
1716.0,1323.0,60.79301381111145
1716.0,1323.0,60.82254099845886
1716.0,1323.0,60.852221727371216
1716.0,1323.0,60.88117289543152
1716.0,1323.0,60.912285804748535
1716.0,1323.0,60.94137167930603
1719.0,1326.0,60.97102689743042
1719.0,1326.0,61.00083088874817
1719.0,1327.0,61.03039002418518
1719.0,1327.0,61.0641028881073
1719.0,1326.0,61.09291172027588
1719.0,1326.0,61.121922969818115
1719.0,1326.0,61.15378189086914
1719.0,1326.0,61.18301272392273
1719.0,1326.0,61.215977907180786
1720.0,1328.0,61.2455039024353
1720.0,1328.0,61.27605700492859
1720.0,1328.0,61.30750584602356
1719.0,1327.0,61.33686804771423
1719.0,1327.0,61.36717486381531
1716.0,1324.0,61.39500594139099
1716.0,1324.0,61.424346685409546
1716.0,1324.0,61.45517587661743
1716.0,1323.0,61.48393273353577
1716.0,1323.0,61.51452088356018
1715.0,1324.0,61.54338097572327
1715.0,1324.0,61.573540687561035
1715.0,1324.0,61.60418891906738
1716.0,1324.0,61.63318085670471
1716.0,1324.0,61.663203954696655
1716.0,1324.0,61.691956996917725
1716.0,1324.0,61.72297167778015
1716.0,1324.0,61.75335478782654
1716.0,1323.0,61.78187584877014
1716.0,1323.0,61.812119007110596
1716.0,1323.0,61.84154176712036
1716.0,1323.0,61.873403787612915
1716.0,1323.0,61.90368294715881
1719.0,1325.0,61.931519985198975
1719.0,1325.0,61.96001482009888
1719.0,1326.0,61.98917293548584
1719.0,1326.0,62.020195960998535
1719.0,1326.0,62.05005097389221
1719.0,1326.0,62.078577756881714
1719.0,1326.0,62.10829472541809
1719.0,1326.0,62.137388944625854
1719.0,1326.0,62.16783380508423
1719.0,1326.0,62.19677376747131
1719.0,1327.0,62.225610971450806
1719.0,1327.0,62.25631093978882
1719.0,1327.0,62.28583383560181
1719.0,1327.0,62.31770372390747
1716.0,1324.0,62.347020864486694
1716.0,1324.0,62.37337899208069
1716.0,1324.0,62.40221190452576
1716.0,1324.0,62.431015729904175
1716.0,1324.0,62.460644006729126
1716.0,1324.0,62.49196481704712
1716.0,1323.0,62.521430015563965
1716.0,1323.0,62.551923751831055
1716.0,1324.0,62.580689907073975
1716.0,1324.0,62.61252498626709
1716.0,1324.0,62.64368677139282
1716.0,1324.0,62.67220878601074
1716.0,1324.0,62.70213484764099
1716.0,1324.0,62.73142075538635
1716.0,1324.0,62.76120686531067
1716.0,1324.0,62.79105877876282
1716.0,1323.0,62.82047891616821
1716.0,1323.0,62.84933876991272
1719.0,1325.0,62.876044034957886
1719.0,1325.0,62.90365481376648
1719.0,1325.0,62.93249583244324
1719.0,1326.0,62.96080303192139
1719.0,1326.0,62.99289798736572
1719.0,1326.0,63.022265672683716
1719.0,1326.0,63.05112385749817
1719.0,1326.0,63.081565856933594
1719.0,1326.0,63.110533714294434
1719.0,1326.0,63.14205265045166
1719.0,1327.0,63.171607971191406
1719.0,1327.0,63.20132875442505
1719.0,1327.0,63.231767892837524
1719.0,1327.0,63.26045799255371
1719.0,1327.0,63.29162287712097
1719.0,1327.0,63.32085299491882
1719.0,1327.0,63.35227584838867
1719.0,1327.0,63.381584882736206
1717.0,1327.0,63.40921592712402
1717.0,1327.0,63.43827772140503
1716.0,1324.0,63.467514753341675
1716.0,1324.0,63.497562885284424
1716.0,1324.0,63.52827787399292
1715.0,1323.0,63.557416915893555
1715.0,1323.0,63.588578939437866
1716.0,1324.0,63.618232011795044
1716.0,1324.0,63.64943981170654
1716.0,1324.0,63.678666830062866
1716.0,1323.0,63.70784378051758
1716.0,1323.0,63.73932385444641
1716.0,1324.0,63.76975083351135
1716.0,1324.0,63.80330276489258
1717.0,1325.0,63.83192491531372
1717.0,1325.0,63.859277963638306
1717.0,1325.0,63.891037940979004
1719.0,1325.0,63.92021989822388
1719.0,1325.0,63.954415798187256
1718.0,1326.0,63.98273777961731
1718.0,1326.0,64.01060080528259
1718.0,1326.0,64.04201793670654
1719.0,1327.0,64.07108974456787
1719.0,1327.0,64.10315370559692
1719.0,1326.0,64.13195371627808
1719.0,1326.0,64.16057896614075
1719.0,1326.0,64.19153690338135
1719.0,1327.0,64.22102379798889
1719.0,1327.0,64.25219869613647
1719.0,1327.0,64.28105592727661
1719.0,1327.0,64.31088185310364
1719.0,1327.0,64.34256672859192
1719.0,1328.0,64.37196683883667
1719.0,1328.0,64.40233182907104
1716.0,1324.0,64.43142294883728
1716.0,1324.0,64.46120071411133
1716.0,1324.0,64.49083375930786
1716.0,1324.0,64.52042484283447
1716.0,1324.0,64.55165791511536
1716.0,1324.0,64.58026385307312
1716.0,1324.0,64.61446189880371
1716.0,1323.0,64.6436378955841
1716.0,1323.0,64.67295384407043
1716.0,1323.0,64.70352387428284
1716.0,1324.0,64.7321949005127
1716.0,1324.0,64.767422914505
1716.0,1323.0,64.79610681533813
1716.0,1323.0,64.82444095611572
1716.0,1323.0,64.85689496994019
1716.0,1323.0,64.88745999336243
1716.0,1323.0,64.91856670379639
1719.0,1326.0,64.94737386703491
1719.0,1326.0,64.9765899181366
1719.0,1326.0,65.00845885276794
1719.0,1326.0,65.03817796707153
1719.0,1326.0,65.06983184814453
1719.0,1327.0,65.0988519191742
1719.0,1327.0,65.12939476966858
1719.0,1327.0,65.1582567691803
1720.0,1328.0,65.1875970363617
1720.0,1328.0,65.21696472167969
1719.0,1327.0,65.24598693847656
1719.0,1327.0,65.27616000175476
1719.0,1327.0,65.3157639503479
1719.0,1327.0,65.35733485221863
1716.0,1324.0,65.40101385116577
1716.0,1324.0,65.44055485725403
1716.0,1324.0,65.48648285865784
1716.0,1324.0,65.5248486995697
1715.0,1324.0,65.55760979652405
1715.0,1324.0,65.58856701850891
1715.0,1324.0,65.61822366714478
1715.0,1324.0,65.6492178440094
